<?xml version="1.0" encoding="utf-8"?>
<extension type="component" version="3.2.0" method="upgrade">

    <name>COM_USERINVITES</name>
    <author>Andy Kirk</author>
    <authorEmail>andy.kirk@npeu.ox.ac.uk</authorEmail>
    <authorUrl>https://www.npeu.ox.ac.uk</authorUrl>
    <creationDate>January 2019</creationDate>
    <copyright>(C) NPEU 2019</copyright>
    <license>MIT License; see LICENSE.md</license>

    <!--  The version string is recorded in the components table -->
    <version>2.0.0</version>
    <!-- The description is optional and defaults to the name -->
    <description>COM_USERINVITES_DESCRIPTION</description>

    <install> <!-- Runs on install -->
        <sql>
            <file driver="mysql" charset="utf8">sql/install.mysql.utf8.sql</file>
        </sql>
    </install>
    <uninstall> <!-- Runs on uninstall -->
        <sql>
            <file driver="mysql" charset="utf8">sql/uninstall.mysql.utf8.sql</file>
        </sql>
    </uninstall>
    <update> <!-- Runs on update; New since J2.5 -->
        <schemas>
            <schemapath type="mysql">sql/updates/mysql</schemapath>
        </schemas>
    </update>

    <administration>
        <!-- Administration Menu Section -->
        <menu>COM_USERINVITES_MENU</menu>
        <!-- Administration Main File Copy Section -->
        <!-- Note the folder attribute: This attribute describes the folder
                to copy FROM in the package to install therefore files copied
                in this section are copied from /admin/ in the package -->
        <files folder="admin">
            <!-- Admin Main File Copy Section -->
            <filename>access.xml</filename>
            <filename>config.xml</filename>
            <filename>controller.php</filename>
            <filename>userinvites.php</filename>
            <filename>index.html</filename>
            <folder>controllers</folder>
            <folder>helpers</folder>
            <folder>language</folder>
            <folder>models</folder>
            <folder>sql</folder>
            <folder>tables</folder>
            <folder>views</folder>
        </files>
    </administration>

    <config>
        <fields name="params">
            <fieldset name="email">
                <field
                    name="subject"
                    type="text"
                    default="Registration Invitation"
                    label=""
                    description="">
                </field>
                <field
                    name="template"
                    type="text"
                    default="Dear website user,&#xD;&#xD;You are invited to register for our website.&#xD;&#xD;Below is your unique registration link.&#xD;Please follow this link to register:&#xD;%s/registration%s&#xD;&#xD;Please note that this invitation is only valid for %s after which it will expire and you will need to be re-invited.&#xD;&#xD;Best regards"
                    label=""
                    description="">
                </field>
            </fieldset>
            <fieldset name="options">
                <field
                    name="lifespan"
                    type="text"
                    default="1 week"
                    label=""
                    description="">
                </field>
            </fieldset>
        </fields>
    </config>

</extension>