<?xml version="1.0" encoding="utf-8"?>
<updates>
    <update>
        <name>NPEU: com_userinvites</name>
        <description>Joomla! com_userinvites component</description>
        <element>com_userinvites</element>
        <type>component</type>
        <version>2.0.0</version>
        <client>administrator</client>
        <infourl title="NPEU: com_userinvites">https://github.com/NPEU/com_userinvites/releases/tag/2.0.0</infourl>
        <downloads>
            <downloadurl type="full" format="zip">https://github.com/NPEU/com_userinvites/archive/v2.0.0.zip</downloadurl>
        </downloads>
        <targetplatform name="joomla" />
        <tags>
            <tag>stable</tag>
        </tags>
    </update>
</updates>