<?xml version="1.0" encoding="utf-8"?>
<updates>
    <update>
        <name>NPEU: plg_userinvites</name>
        <description>Joomla! plg_userinvites plugin</description>
        <element>userinvites</element>
        <type>plugin</type>
        <folder>system</folder>
        <version>2.0.0</version>
        <client>site</client>
        <infourl title="NPEU: plg_userinvites">https://github.com/NPEU/plg_userinvites/releases/tag/2.0.0</infourl>
        <downloads>
            <downloadurl type="full" format="zip">https://github.com/NPEU/plg_userinvites/archive/v2.0.0.zip</downloadurl>
        </downloads>
        <targetplatform name="joomla" />
        <tags>
            <tag>stable</tag>
        </tags>
    </update>
</updates>