<?xml version="1.0" encoding="utf-8"?>
<extension type="plugin" group="system" method="upgrade">

    <name>PLG_SYSTEM_USERINVITES</name>
    <author>Andy Kirk</author>
    <authorEmail>andy.kirk@npeu.ox.ac.uk</authorEmail>
    <authorUrl>https://www.npeu.ox.ac.uk</authorUrl>
    <creationDate>March 2024</creationDate>
    <copyright>(C) NPEU 2024</copyright>
    <license>MIT License; see LICENSE.md</license>

    <!--  The version string is recorded in the components table -->
    <version>4.0.0</version>
    <!-- The description is optional and defaults to the name -->
    <description>PLG_SYSTEM_USERINVITES_XML_DESCRIPTION</description>

    <namespace path="src">NPEU\Plugin\System\UserInvites</namespace>
    <files>
        <folder>services</folder>
        <folder plugin="userinvites">src</folder>
        <folder>language</folder>
    </files>

</extension>