<?xml version="1.0" encoding="utf-8"?>
<extension type="plugin" group="system" version="3.2.0">

    <name>PLG_SYSTEM_USERINVITES</name>
    <author>Andy Kirk</author>
    <authorEmail>andy.kirk@npeu.ox.ac.uk</authorEmail>
    <authorUrl>https://www.npeu.ox.ac.uk</authorUrl>
    <creationDate>January 2019</creationDate>
    <copyright>(C) NPEU 2019</copyright>
    <license>MIT License; see LICENSE.md</license>

    <!--  The version string is recorded in the components table -->
    <version>2.0.0</version>
    <!-- The description is optional and defaults to the name -->
    <description>PLG_SYSTEM_USERINVITES_XML_DESCRIPTION</description>
    
    <files>
        <filename plugin="userinvites">userinvites.php</filename>
        <filename>index.html</filename>
        <filename>update-manifest.xml</filename>
        <folder>language</folder>
    </files>

</extension>